<?xml version="1.0" encoding="UTF-8"?>
<GenRun Id="impl_1" LaunchPart="xc7a100tcsg324-1" LaunchTime="1713898549">
  <File Type="BITSTR-BMM" Name="NN_bd.bmm"/>
  <File Type="OPT-METHODOLOGY-DRC" Name="NN_methodology_drc_opted.rpt"/>
  <File Type="INIT-TIMING" Name="NN_timing_summary_init.rpt"/>
  <File Type="ROUTE-PWR" Name="NN_power_routed.rpt"/>
  <File Type="PA-TCL" Name="NN.tcl"/>
  <File Type="OPT-TIMING" Name="NN_timing_summary_opted.rpt"/>
  <File Type="OPT-DCP" Name="NN_opt.dcp"/>
  <File Type="ROUTE-PWR-SUM" Name="NN_power_summary_routed.pb"/>
  <File Type="REPORTS-TCL" Name="NN_reports.tcl"/>
  <File Type="OPT-DRC" Name="NN_drc_opted.rpt"/>
  <File Type="OPT-HWDEF" Name="NN.hwdef"/>
  <File Type="PWROPT-DCP" Name="NN_pwropt.dcp"/>
  <File Type="PWROPT-DRC" Name="NN_drc_pwropted.rpt"/>
  <File Type="PWROPT-TIMING" Name="NN_timing_summary_pwropted.rpt"/>
  <File Type="PLACE-DCP" Name="NN_placed.dcp"/>
  <File Type="PLACE-IO" Name="NN_io_placed.rpt"/>
  <File Type="PLACE-CLK" Name="NN_clock_utilization_placed.rpt"/>
  <File Type="PLACE-UTIL" Name="NN_utilization_placed.rpt"/>
  <File Type="PLACE-UTIL-PB" Name="NN_utilization_placed.pb"/>
  <File Type="PLACE-CTRL" Name="NN_control_sets_placed.rpt"/>
  <File Type="PLACE-SIMILARITY" Name="NN_incremental_reuse_placed.rpt"/>
  <File Type="PLACE-PRE-SIMILARITY" Name="NN_incremental_reuse_pre_placed.rpt"/>
  <File Type="PLACE-TIMING" Name="NN_timing_summary_placed.rpt"/>
  <File Type="POSTPLACE-PWROPT-DCP" Name="NN_postplace_pwropt.dcp"/>
  <File Type="BG-BIN" Name="NN.bin"/>
  <File Type="POSTPLACE-PWROPT-TIMING" Name="NN_timing_summary_postplace_pwropted.rpt"/>
  <File Type="PHYSOPT-DCP" Name="NN_physopt.dcp"/>
  <File Type="PHYSOPT-DRC" Name="NN_drc_physopted.rpt"/>
  <File Type="BITSTR-MSK" Name="NN.msk"/>
  <File Type="PHYSOPT-TIMING" Name="NN_timing_summary_physopted.rpt"/>
  <File Type="ROUTE-ERROR-DCP" Name="NN_routed_error.dcp"/>
  <File Type="ROUTE-DCP" Name="NN_routed.dcp"/>
  <File Type="ROUTE-BLACKBOX-DCP" Name="NN_routed_bb.dcp"/>
  <File Type="ROUTE-DRC" Name="NN_drc_routed.rpt"/>
  <File Type="ROUTE-DRC-PB" Name="NN_drc_routed.pb"/>
  <File Type="ROUTE-DRC-RPX" Name="NN_drc_routed.rpx"/>
  <File Type="BITSTR-MMI" Name="NN.mmi"/>
  <File Type="ROUTE-METHODOLOGY-DRC" Name="NN_methodology_drc_routed.rpt"/>
  <File Type="ROUTE-METHODOLOGY-DRC-RPX" Name="NN_methodology_drc_routed.rpx"/>
  <File Type="ROUTE-METHODOLOGY-DRC-PB" Name="NN_methodology_drc_routed.pb"/>
  <File Type="ROUTE-PWR-RPX" Name="NN_power_routed.rpx"/>
  <File Type="ROUTE-STATUS" Name="NN_route_status.rpt"/>
  <File Type="ROUTE-STATUS-PB" Name="NN_route_status.pb"/>
  <File Type="ROUTE-TIMINGSUMMARY" Name="NN_timing_summary_routed.rpt"/>
  <File Type="ROUTE-TIMING-PB" Name="NN_timing_summary_routed.pb"/>
  <File Type="ROUTE-TIMING-RPX" Name="NN_timing_summary_routed.rpx"/>
  <File Type="ROUTE-SIMILARITY" Name="NN_incremental_reuse_routed.rpt"/>
  <File Type="ROUTE-CLK" Name="NN_clock_utilization_routed.rpt"/>
  <File Type="ROUTE-BUS-SKEW" Name="NN_bus_skew_routed.rpt"/>
  <File Type="ROUTE-BUS-SKEW-PB" Name="NN_bus_skew_routed.pb"/>
  <File Type="ROUTE-BUS-SKEW-RPX" Name="NN_bus_skew_routed.rpx"/>
  <File Type="POSTROUTE-PHYSOPT-DCP" Name="NN_postroute_physopt.dcp"/>
  <File Type="POSTROUTE-PHYSOPT-BLACKBOX-DCP" Name="NN_postroute_physopt_bb.dcp"/>
  <File Type="POSTROUTE-PHYSOPT-TIMING" Name="NN_timing_summary_postroute_physopted.rpt"/>
  <File Type="POSTROUTE-PHYSOPT-TIMING-PB" Name="NN_timing_summary_postroute_physopted.pb"/>
  <File Type="POSTROUTE-PHYSOPT-TIMING-RPX" Name="NN_timing_summary_postroute_physopted.rpx"/>
  <File Type="POSTROUTE-PHYSOPT-BUS-SKEW" Name="NN_bus_skew_postroute_physopted.rpt"/>
  <File Type="POSTROUTE-PHYSOPT-BUS-SKEW-PB" Name="NN_bus_skew_postroute_physopted.pb"/>
  <File Type="BG-BIT" Name="NN.bit"/>
  <File Type="POSTROUTE-PHYSOPT-BUS-SKEW-RPX" Name="NN_bus_skew_postroute_physopted.rpx"/>
  <File Type="BITSTR-RBT" Name="NN.rbt"/>
  <File Type="BITSTR-NKY" Name="NN.nky"/>
  <File Type="PDI-FILE" Name="NN.pdi"/>
  <File Type="RCFI_FILE" Name="NN.rcfi"/>
  <File Type="CFI_FILE" Name="NN.cfi"/>
  <File Type="RNPI_FILE" Name="NN.rnpi"/>
  <File Type="NPI_FILE" Name="NN.npi"/>
  <File Type="RBD_FILE" Name="NN.rbd"/>
  <File Type="BITSTR-LTX" Name="debug_nets.ltx"/>
  <File Type="BITSTR-LTX" Name="NN.ltx"/>
  <File Type="BITSTR-SYSDEF" Name="NN.sysdef"/>
  <File Type="BG-BGN" Name="NN.bgn"/>
  <File Type="BG-DRC" Name="NN.drc"/>
  <File Type="RDI-RDI" Name="NN.vdi"/>
  <File Type="WBT-USG" Name="usage_statistics_webtalk.html"/>
  <FileSet Name="sources" Type="DesignSrcs" RelSrcDir="$PSRCDIR/sources_1">
    <Filter Type="Srcs"/>
    <File Path="$PSRCDIR/sources_1/new/Identity.sv">
      <FileInfo>
        <Attr Name="UsedIn" Val="synthesis"/>
        <Attr Name="UsedIn" Val="implementation"/>
        <Attr Name="UsedIn" Val="simulation"/>
      </FileInfo>
    </File>
    <File Path="$PSRCDIR/sources_1/new/layer.sv">
      <FileInfo>
        <Attr Name="UsedIn" Val="synthesis"/>
        <Attr Name="UsedIn" Val="implementation"/>
        <Attr Name="UsedIn" Val="simulation"/>
      </FileInfo>
    </File>
    <File Path="$PSRCDIR/sources_1/new/layer5.sv">
      <FileInfo>
        <Attr Name="UsedIn" Val="synthesis"/>
        <Attr Name="UsedIn" Val="implementation"/>
        <Attr Name="UsedIn" Val="simulation"/>
      </FileInfo>
    </File>
    <File Path="$PSRCDIR/sources_1/new/matrix.sv">
      <FileInfo>
        <Attr Name="UsedIn" Val="synthesis"/>
        <Attr Name="UsedIn" Val="implementation"/>
        <Attr Name="UsedIn" Val="simulation"/>
      </FileInfo>
    </File>
    <File Path="$PSRCDIR/sources_1/new/NN.sv">
      <FileInfo>
        <Attr Name="UsedIn" Val="synthesis"/>
        <Attr Name="UsedIn" Val="implementation"/>
        <Attr Name="UsedIn" Val="simulation"/>
      </FileInfo>
    </File>
    <Config>
      <Option Name="DesignMode" Val="RTL"/>
      <Option Name="TopModule" Val="NN"/>
      <Option Name="TopAutoSet" Val="TRUE"/>
    </Config>
  </FileSet>
  <FileSet Name="constrs_in" Type="Constrs" RelSrcDir="$PSRCDIR/constrs_2">
    <File Path="$PSRCDIR/constrs_2/new/c.xdc">
      <FileInfo>
        <Attr Name="UsedIn" Val="synthesis"/>
        <Attr Name="UsedIn" Val="implementation"/>
      </FileInfo>
    </File>
    <Config>
      <Option Name="TargetConstrsFile" Val="$PSRCDIR/constrs_2/new/c.xdc"/>
      <Option Name="ConstrsType" Val="XDC"/>
    </Config>
  </FileSet>
  <FileSet Name="utils" Type="Utils" RelSrcDir="$PSRCDIR/utils_1">
    <Filter Type="Utils"/>
    <Config>
      <Option Name="TopAutoSet" Val="TRUE"/>
    </Config>
  </FileSet>
  <Strategy Version="1" Minor="2">
    <StratHandle Name="Vivado Implementation Defaults" Flow="Vivado Implementation 2019">
      <Desc>Default settings for Implementation.</Desc>
    </StratHandle>
    <Step Id="init_design"/>
    <Step Id="opt_design"/>
    <Step Id="power_opt_design"/>
    <Step Id="place_design"/>
    <Step Id="post_place_power_opt_design"/>
    <Step Id="phys_opt_design" EnableStepBool="1"/>
    <Step Id="route_design"/>
    <Step Id="post_route_phys_opt_design"/>
    <Step Id="write_bitstream"/>
  </Strategy>
</GenRun>
